2024-12-19 17:21:10,1,22,3
2024-12-19 17:21:10,1,22,3
2024-12-19 17:21:10,1,22,3
2024-12-19 17:21:10,1,22,3
2024-12-19 17:21:10,1,22,3
2024-12-19 17:21:10,1,22,3
2024-12-19 17:21:10,1,22,3
2024-12-19 17:21:10,1,22,3
2024-12-19 17:21:10,1,22,3
2024-12-19 17:21:10,1,22,3
2024-12-19 17:21:10,1,22,3
2024-12-19 17:21:10,1,22,3
2024-12-19 17:21:10,1,22,3
2024-12-19 17:21:10,1,22,3
2024-12-19 17:21:10,1,22,3
2024-12-19 17:21:10,1,22,3
2024-12-19 17:21:10,1,22,3
2024-12-19 17:21:10,1,22,3
2024-12-19 17:21:10,1,22,3
2024-12-19 17:21:10,1,22,3
2024-12-19 17:21:10,1,22,3
2024-12-19 17:21:10,1,22,3
2024-12-19 17:21:10,1,22,3
2024-12-19 17:21:10,1,22,3
2024-12-19 17:21:10,1,22,3
2024-12-19 17:21:10,1,22,3
2024-12-19 17:21:10,1,22,3
2024-12-19 17:21:10,1,22,3
2024-12-19 17:21:10,1,22,3
2024-12-19 17:21:10,1,22,3
2024-12-19 17:21:10,1,22,3
2024-12-19 17:21:10,1,22,3
2024-12-19 17:21:10,1,22,3
2024-12-19 17:21:10,1,22,3
2024-12-19 17:21:10,1,22,3
2024-12-19 17:21:10,1,22,3
2024-12-19 17:21:10,1,22,3
2024-12-19 17:21:10,1,22,3
2024-12-19 17:21:10,1,22,3
2024-12-19 17:21:10,1,22,3
2024-12-19 17:21:10,1,22,3
2024-12-19 17:21:10,1,22,3
2024-12-19 17:21:10,1,22,3
2024-12-19 17:21:10,1,22,3
2024-12-19 17:21:10,1,22,3
2024-12-19 17:21:10,1,22,3
2024-12-19 17:21:10,1,22,3
2024-12-19 17:21:10,1,22,3
2024-12-19 17:21:10,1,22,3
2024-12-19 17:21:10,1,22,3
2024-12-19 17:21:10,1,22,3
2024-12-19 17:21:10,1,22,3
2024-12-19 17:21:10,1,22,3
2024-12-19 17:21:10,1,22,3
2024-12-19 17:21:10,1,22,3
2024-12-19 17:21:10,1,22,3
2024-12-19 17:21:10,1,22,3
2024-12-19 17:21:10,1,22,3
2024-12-19 17:21:10,1,22,3
2024-12-19 17:21:10,1,22,3
2024-12-19 17:21:10,1,22,3
2024-12-19 17:21:10,1,22,3
2024-12-19 17:21:10,1,22,3
2024-12-19 17:21:10,1,22,3
2024-12-19 17:21:10,1,22,3
2024-12-19 17:21:10,1,22,3
2024-12-19 17:21:10,1,22,3
2024-12-19 17:21:10,1,22,3
2024-12-19 17:21:10,1,22,3
2024-12-19 17:21:10,1,22,3
2024-12-19 17:21:10,1,22,3
2024-12-19 17:21:10,1,22,3
2024-12-19 17:21:10,1,22,3
2024-12-19 17:21:10,1,22,3
2024-12-19 17:21:10,1,22,3
2024-12-19 17:21:10,1,22,3
2024-12-19 17:21:10,1,22,3
2024-12-19 17:21:10,1,22,3
2024-12-19 17:21:10,1,22,3
2024-12-19 17:21:10,1,22,3
2024-12-19 17:21:10,1,22,3
2024-12-19 17:21:10,1,22,3
2024-12-19 17:21:10,1,22,3
2024-12-19 17:21:10,1,22,3
2024-12-19 17:21:10,1,22,3
2024-12-19 17:21:10,1,22,3
2024-12-19 17:21:10,1,22,3
2024-12-19 17:21:10,1,22,3
2024-12-19 17:21:10,1,22,3
2024-12-19 17:21:10,1,22,3
2024-12-19 17:21:10,1,22,3
2024-12-19 17:21:10,1,22,3
2024-12-19 17:21:10,1,22,3
2024-12-19 17:21:10,1,22,3
2024-12-19 17:21:10,1,22,3
2024-12-19 17:21:10,1,22,3
2024-12-19 17:21:10,1,22,3
2024-12-19 17:21:10,1,22,3
2024-12-19 17:21:10,1,22,3
2024-12-19 17:21:10,1,22,3
2024-12-19 17:21:10,1,22,3
2024-12-19 17:21:10,1,22,3
2024-12-19 17:21:10,1,22,3
2024-12-19 17:21:10,1,22,3
2024-12-19 17:21:10,1,22,3
2024-12-19 17:21:10,1,22,3
2024-12-19 17:21:10,1,22,3
2024-12-19 17:21:10,1,22,3
2024-12-19 17:21:10,1,22,3
2024-12-19 17:21:10,1,22,3
2024-12-19 17:21:10,1,22,3
2024-12-19 17:21:10,1,22,3
2024-12-19 17:21:10,1,22,3
2024-12-19 17:21:10,1,22,3
2024-12-19 17:21:10,1,22,3
2024-12-19 17:21:10,1,22,3
2024-12-19 17:21:10,1,22,3
2024-12-19 17:21:10,1,22,3
2024-12-19 17:21:10,1,22,3
2024-12-19 17:21:10,1,22,3
2024-12-19 17:21:10,1,22,3
2024-12-19 17:21:10,1,22,3
2024-12-19 17:21:10,1,22,3
2024-12-19 17:21:10,1,22,3
2024-12-19 17:21:10,1,22,3
2024-12-19 17:21:10,1,22,3
2024-12-19 17:21:10,1,22,3
2024-12-19 17:21:10,1,22,3
2024-12-19 17:21:10,1,22,3
2024-12-19 17:21:10,1,22,3
2024-12-19 17:21:10,1,22,3
2024-12-19 17:21:10,1,22,3
2024-12-19 17:21:10,1,22,3
2024-12-19 17:21:10,1,22,3
2024-12-19 17:21:10,1,22,3
2024-12-19 17:21:10,1,22,3
2024-12-19 17:21:10,1,22,3
2024-12-19 17:21:10,1,22,3
2024-12-19 17:21:10,1,22,3
2024-12-19 17:21:10,1,22,3
2024-12-19 17:21:10,1,22,3
2024-12-19 17:21:10,1,22,3
2024-12-19 17:21:10,1,22,3
2024-12-19 17:21:10,1,22,3
2024-12-19 17:21:10,1,22,3
2024-12-19 17:21:10,1,22,3
2024-12-19 17:21:10,1,22,3
2024-12-19 17:21:10,1,22,3
2024-12-19 17:21:10,1,22,3
2024-12-19 17:21:10,1,22,3
2024-12-19 17:21:10,1,22,3
2024-12-19 17:21:10,1,22,3
2024-12-19 17:21:10,1,22,3
2024-12-19 17:21:10,1,22,3
2024-12-19 17:21:10,1,22,3
2024-12-19 17:21:10,1,22,3
2024-12-19 17:21:10,1,22,3
2024-12-19 17:21:10,1,22,3
2024-12-19 17:21:10,1,22,3
2024-12-19 17:21:10,1,22,3
2024-12-19 17:21:10,1,22,3
2024-12-19 17:21:10,1,22,3
2024-12-19 17:21:10,1,22,3
2024-12-19 17:21:10,1,22,3
2024-12-19 17:21:10,1,22,3
2024-12-19 17:21:10,1,22,3
2024-12-19 17:21:10,1,22,3
2024-12-19 17:21:10,1,22,3
2024-12-19 17:21:10,1,22,3
2024-12-19 17:21:10,1,22,3
2024-12-19 17:21:10,1,22,3
2024-12-19 17:21:10,1,22,3
2024-12-19 17:21:10,1,22,3
2024-12-19 17:21:10,1,22,3
2024-12-19 17:21:10,1,22,3
2024-12-19 17:21:10,1,22,3
2024-12-19 17:21:10,1,22,3
2024-12-19 17:21:10,1,22,3
2024-12-19 17:21:10,1,22,3
2024-12-19 17:21:10,1,22,3
2024-12-19 17:21:10,1,22,3
2024-12-19 17:21:10,1,22,3
2024-12-19 17:21:10,1,22,3
2024-12-19 17:21:10,1,22,3
2024-12-19 17:21:10,1,22,3
2024-12-19 17:21:10,1,22,3
2024-12-19 17:21:10,1,22,3
2024-12-19 17:21:10,1,22,3
2024-12-19 17:21:10,1,22,3
2024-12-19 17:21:10,1,22,3
2024-12-19 17:21:10,1,22,3
2024-12-19 17:21:10,1,22,3
2024-12-19 17:21:10,1,22,3
2024-12-19 17:21:10,1,22,3
2024-12-19 17:21:10,1,22,3
2024-12-19 17:21:10,1,22,3
2024-12-19 17:21:10,1,22,3
2024-12-19 17:21:10,1,22,3
2024-12-19 17:21:10,1,22,3
2024-12-19 17:21:10,1,22,3
2024-12-19 17:21:10,1,22,3
2024-12-19 17:21:10,1,22,3
2024-12-19 17:21:10,1,22,3
2024-12-19 17:21:10,1,22,3
2024-12-19 17:21:10,1,22,3
2024-12-19 17:21:10,1,22,3
2024-12-19 17:21:10,1,22,3
2024-12-19 17:21:10,1,22,3
2024-12-19 17:21:10,1,22,3
2024-12-19 17:21:10,1,22,3
2024-12-19 17:21:10,1,22,3
2024-12-19 17:21:10,1,22,3
2024-12-19 17:21:10,1,22,3
2024-12-19 17:21:10,1,22,3
2024-12-19 17:21:10,1,22,3
2024-12-19 17:21:10,1,22,3
2024-12-19 17:21:10,1,22,3
2024-12-19 17:21:10,1,22,3
2024-12-19 17:21:10,1,22,3
